<TextureAtlas imagePath="smilies_sheet.png">
	<SubTexture name="angry.png" x="0" y="36" width="18" height="18"/>
	<SubTexture name="annoyed.png" x="0" y="18" width="18" height="18"/>
	<SubTexture name="confused.png" x="0" y="0" width="18" height="18"/>
	<SubTexture name="cool.png" x="36" y="0" width="18" height="18"/>
	<SubTexture name="cry.png" x="72" y="0" width="18" height="18"/>
	<SubTexture name="cute.png" x="54" y="90" width="18" height="18"/>
	<SubTexture name="disbelieve.png" x="54" y="72" width="18" height="18"/>
	<SubTexture name="empty.png" x="54" y="54" width="18" height="18"/>
	<SubTexture name="evil.png" x="54" y="36" width="18" height="18"/>
	<SubTexture name="happy.png" x="54" y="18" width="18" height="18"/>
	<SubTexture name="laugh.png" x="54" y="0" width="18" height="18"/>
	<SubTexture name="mad.png" x="36" y="90" width="18" height="18"/>
	<SubTexture name="misfaith.png" x="36" y="72" width="18" height="18"/>
	<SubTexture name="nerd.png" x="36" y="54" width="18" height="18"/>
	<SubTexture name="pain.png" x="36" y="36" width="18" height="18"/>
	<SubTexture name="pleased.png" x="36" y="18" width="18" height="18"/>
	<SubTexture name="sad.png" x="72" y="18" width="18" height="18"/>
	<SubTexture name="shocked.png" x="18" y="90" width="18" height="18"/>
	<SubTexture name="shy.png" x="18" y="72" width="18" height="18"/>
	<SubTexture name="sick.png" x="18" y="54" width="18" height="18"/>
	<SubTexture name="smile.png" x="18" y="36" width="18" height="18"/>
	<SubTexture name="surprised.png" x="18" y="18" width="18" height="18"/>
	<SubTexture name="tired.png" x="18" y="0" width="18" height="18"/>
	<SubTexture name="tongue.png" x="0" y="90" width="18" height="18"/>
	<SubTexture name="tossy.png" x="0" y="72" width="18" height="18"/>
	<SubTexture name="wink.png" x="0" y="54" width="18" height="18"/>
</TextureAtlas>